<?xml version="1.0" encoding="UTF-8"?>
<beans xmlns="http://www.springframework.org/schema/beans"
       xmlns:xsi="http://www.w3.org/2001/XMLSchema-instance"
       xmlns:context="http://www.springframework.org/schema/context"
       xsi:schemaLocation="http://www.springframework.org/schema/beans http://www.springframework.org/schema/beans/spring-beans.xsd
    http://www.springframework.org/schema/context http://www.springframework.org/schema/context/spring-context.xsd">

    <bean id="bankclass" class="org.example.CITI">
       <!-- <constructor-arg index="0" value="16.56"></constructor-arg>
        <constructor-arg index="1" value="SINGAPORE"></constructor-arg>-->
        <constructor-arg name="ROI" value="16.56"></constructor-arg>
        <constructor-arg name="countryName" value="SINGAPORE"></constructor-arg>
    </bean>

    <bean id="bankclass1" class="org.example.HDFC">
        <constructor-arg index="0" value="14.56"></constructor-arg>
        <constructor-arg index="1" value="14.56"></constructor-arg>
    </bean>
</beans>